hsa-mir-873-5p,GCAGGAACUUGUGAGUCUCCU
hsa-mir-23a-3p,AUCACAUUGCCAGGGAUUUCC
hsa-mir-182-5p,UUUGGCAAUGGUAGAACUCACACU
hsa-mir-23b-3p,AUCACAUUGCCAGGGAUUACCAC
hsa-mir-23c,AUCACAUUGCCAGUGAUUACCC
hsa-mir-186-5p,CAAAGAAUUCUCCUUUUGGGCU
hsa-mir-125a-3p,ACAGGUGAGGUUCUUGGGAGCC
hsa-mir-421,AUCAACAGACAUUAAUUGGGCGC
hsa-mir-30e-5p,UGUAAACAUCCUUGACUGGAAG
hsa-mir-30c-5p,UGUAAACAUCCUACACUCUCAGC
hsa-mir-205-5p,UCCUUCAUUCCACCGGAGUCUG
hsa-mir-107,AGCAGCAUUGUACAGGGCUAUCA
hsa-mir-3167,AGGAUUUCAGAAAUACUGGUGU
hsa-mir-613,AGGAAUGUUCCUUCUUUGCC
hsa-mir-16-5p,UAGCAGCACGUAAAUAUUGGCG
hsa-mir-15a-5p,UAGCAGCACAUAAUGGUUUGUG
hsa-mir-376c-3p,AACAUAGAGGAAAUUCCACGU
hsa-mir-539-5p,GGAGAAAUUAUCCUUGGUGUGU
hsa-mir-544a,AUUCUGCAUUUUUAGCAAGUUC
hsa-mir-382-5p,GAAGUUGUUCGUGGUGGAUUCG
hsa-mir-485-5p,AGAGGCUGGCCGUGAUGAAUUC
hsa-mir-195-5p,UAGCAGCACAGAAAUAUUGGC
hsa-mir-497-5p,CAGCAGCACACUGUGGUUUGU
hsa-mir-338-3p,UCCAGCAUCAGUGAUUUUGUUG
hsa-mir-103a-3p,AGCAGCAUUGUACAGGGCUAUGA
hsa-mir-15b-5p,UAGCAGCACAUCAUGGUUUACA
hsa-mir-145-5p,GUCCAGUUUUCCCAGGAAUCCCU
hsa-mir-206,UGGAAUGUAAGGAAGUGUGUGG
hsa-mir-30a-5p,UGUAAACAUCCUCGACUGGAAG
hsa-mir-30b-5p,UGUAAACAUCCUACACUCAGCU
hsa-mir-30d-5p,UGUAAACAUCCCCGACUGGAAG
hsa-mir-876-5p,UGGAUUUCUUUGUGAAUCACCA
hsa-mir-424-5p,CAGCAGCAAUUCAUGUUUUGAA
hsa-mir-4735-3p,AAAGGUGCUCAAAUUAGACAU
hsa-mir-18a-5p,UAAGGUGCAUCUAGUGCAGAUAG
hsa-mir-18b-5p,UAAGGUGCAUCUAGUGCAGUUAG
hsa-mir-22-3p,AAGCUGCCAGUUGAAGAACUGU
hsa-mir-505-3p,CGUCAACACUUGCUGGUUUCCU
hsa-mir-190a-5p,UGAUAUGUUUGAUAUAUUAGGU
hsa-mir-542-3p,UGUGACAGAUUGAUAACUGAAA
hsa-mir-374b-5p,AUAUAAUACAACCUGCUAAGUG
hsa-mir-374a-5p,UUAUAAUACAACCUGAUAAGUG
hsa-mir-135b-5p,UAUGGCUUUUCAUUCCUAUGUGA
hsa-mir-135a-5p,UAUGGCUUUUUAUUCCUAUGUGA
hsa-mir-758-3p,UUUGUGACCUGGUCCACUAACC
hsa-mir-496,UGAGUAUUACAUGGCCAAUCUC
hsa-mir-33b-5p,GUGCAUUGCUGUUGCAUUGC
hsa-mir-216a-5p,UAAUCUCAGCUGGCAACUGUGA
hsa-mir-33a-5p,GUGCAUUGUAGUUGCAUUGCA
hsa-mir-761,GCAGCAGGGUGAAACUGACACA
hsa-mir-214-3p,ACAGCAGGCACAGACAGGCAGU
hsa-mir-4295,CAGUGCAAUGUUUUCCUU
hsa-mir-130a-3p,CAGUGCAAUGUUAAAAGGGCAU
hsa-mir-326,CCUCUGGGCCCUUCCUCCAG
hsa-mir-148b-3p,UCAGUGCAUCACAGAACUUUGU
hsa-mir-17-5p,CAAAGUGCUUACAGUGCAGGUAG
hsa-mir-19a-3p,UGUGCAAAUCUAUGCAAAACUGA
hsa-mir-20a-5p,UAAAGUGCUUAUAGUGCAGGUAG
hsa-mir-19b-3p,UGUGCAAAUCCAUGCAAAACUGA
hsa-mir-152-3p,UCAGUGCAUGACAGAACUUGG
hsa-mir-454-3p,UAGUGCAAUAUUGCUUAUAGGGU
hsa-mir-301a-3p,CAGUGCAAUAGUAUUGUCAAAGC
hsa-mir-330-5p,UCUCUGGGCCUGUGUCUUAGGC
hsa-mir-519d-3p,CAAAGUGCCUCCCUUUAGAGUG
hsa-mir-130b-3p,CAGUGCAAUGAUGAAAGGGCAU
hsa-mir-3619-5p,UCAGCAGGCAGGCUGGUGCAGC
hsa-mir-148a-3p,UCAGUGCACUACAGAACUUUGU
hsa-mir-93-5p,CAAAGUGCUGUUCGUGCAGGUAG
hsa-mir-106b-5p,UAAAGUGCUGACAGUGCAGAU
hsa-mir-3666,CAGUGCAAGUGUAGAUGCCGA
hsa-mir-221-3p,AGCUACAUUGUCUGCUGGGUUUC
hsa-mir-222-3p,AGCUACAUCUGGCUACUGGGU
hsa-mir-20b-5p,CAAAGUGCUCAUAGUGCAGGUAG
hsa-mir-106a-5p,AAAAGUGCUUACAGUGCAGGUAG
hsa-mir-7-5p,UGGAAGACUAGUGAUUUUGUUGUU
hsa-mir-4782-3p,UGAUUGUCUUCAUAUCUAGAAC
hsa-mir-219a-5p,UGAUUGUCCAAACGCAAUUCU
hsa-mir-361-5p,UUAUCAGAAUCUCCAGGGGUAC
hsa-mir-210-3p,CUGUGCGUGUGACAGCGGCUGA
hsa-mir-379-5p,UGGUAGACUAUGGAACGUAGG
hsa-mir-329-3p,AACACACCUGGUUAACCUCUUU
hsa-mir-376a-3p,AUCAUAGAGGAAAAUCCACGU
hsa-mir-376b-3p,AUCAUAGAGGAAAAUCCAUGUU
hsa-mir-3529-5p,AGGUAGACUGGGAUUUGUUGUU
hsa-mir-362-3p,AACACACCUAUUCAAGGAUUCA
hsa-mir-335-5p,UCAAGAGCAAUAACGAAAAAUGU
hsa-mir-150-5p,UCUCCCAACCCUUGUACCAGUG
hsa-mir-590-3p,UAAUUUUAUGUAUAAGCUAGU
hsa-mir-4306,UGGAGAGAAAGGCAGUA
hsa-mir-216b-5p,AAAUCUCUGCAGGCAAAUGUGA
hsa-mir-185-5p,UGGAGAGAAAGGCAGUUCCUGA
hsa-mir-4644,UGGAGAGAGAAAAGAGACAGAAG
hsa-mir-92b-3p,UAUUGCACUCGUCCCGGCCUCC
hsa-mir-26a-5p,UUCAAGUAAUCCAGGAUAGGCU
hsa-mir-1297,UUCAAGUAAUUCAGGUG
hsa-mir-92a-3p,UAUUGCACUUGUCCCGGCCUGU
hsa-mir-154-5p,UAGGUUAUCCGUGUUGCCUUCG
hsa-mir-377-3p,AUCACACAAAGGCAACUUUUGU
hsa-mir-132-3p,UAACAGUCUACAGCCAUGGUCG
hsa-mir-212-3p,UAACAGUCUCCAGUCACGGCC
hsa-mir-26b-5p,UUCAAGUAAUUCAGGAUAGGU
hsa-mir-367-3p,AAUUGCACUUUAGCAAUGGUGA
hsa-mir-4465,CUCAAGUAGUCUGACCAGGGGA
hsa-mir-25-3p,CAUUGCACUUGUCUCGGUCUGA
hsa-mir-32-5p,UAUUGCACAUUACUAAGUUGCA
hsa-mir-363-3p,AAUUGCACGGUAUCCAUCUGUA
hsa-mir-34a-5p,UGGCAGUGUCUUAGCUGGUUGU
hsa-mir-9-5p,UCUUUGGUUAUCUAGCUGUAUGA
hsa-mir-181b-5p,AACAUUCAUUGCUGUCGGUGGGU
hsa-mir-181a-5p,AACAUUCAACGCUGUCGGUGAGU
hsa-mir-146b-5p,UGAGAACUGAAUUCCAUAGGCUG
hsa-mir-34c-5p,AGGCAGUGUAGUUAGCUGAUUGC
hsa-mir-342-3p,UCUCACACAGAAAUCGCACCCGU
hsa-mir-543,AAACAUUCGCGGUGCACUUCUU
hsa-mir-193b-3p,AACUGGCCCUCAAAGUCCCGCU
hsa-mir-193a-3p,AACUGGCCUACAAAGUCCCAGU
hsa-mir-122-5p,UGGAGUGUGACAAUGGUGUUUG
hsa-mir-181c-5p,AACAUUCAACCUGUCGGUGAGU
hsa-mir-181d-5p,AACAUUCAUUGUUGUCGGUGGGU
hsa-mir-4262,GACAUUCAGACUACCUG
hsa-mir-425-5p,AAUGACACGAUCACUCCCGUUGA
hsa-mir-449a,UGGCAGUGUAUUGUUAGCUGGU
hsa-mir-449b-5p,AGGCAGUGUAUUGUUAGCUGGC
hsa-mir-146a-5p,UGAGAACUGAAUUCCAUGGGUU
hsa-mir-653-5p,GUGUUGAAACAAUCUCUACUG
hsa-mir-224-5p,UCAAGUCACUAGUGGUUCCGUUUAG
hsa-mir-101-3p,UACAGUACUGUGAUAACUGAA
hsa-mir-328-3p,CUGGCCCUCUCUGCCCUUCCGU
hsa-mir-140-5p,CAGUGGUUUUACCCUAUGGUAG
hsa-mir-21-5p,UAGCUUAUCAGACUGAUGUUGA
hsa-mir-590-5p,GAGCUUAUUCAUAAAAGUGCAG
hsa-mir-383-5p,AGAUCAGAAGGUGAUUGUGGCU
hsa-mir-139-5p,UCUACAGUGCACGUGUCUCCAGU
hsa-mir-196a-5p,UAGGUAGUUUCAUGUUGUUGGG
hsa-mir-371a-5p,ACUCAAACUGUGGGGGCACU
hsa-mir-340-5p,UUAUAAAGCAAUGAGACUGAUU
hsa-mir-196b-5p,UAGGUAGUUUCCUGUUGUUGGG
hsa-mir-384,AUUCCUAGAAAUUGUUCAUA
hsa-mir-197-3p,UUCACCACCUUCUCCACCCAGC
hsa-mir-3118,UGUGACUGCAUUAUGAAAAUUCU
hsa-mir-29c-3p,UAGCACCAUUUGAAAUCGGUUA
hsa-mir-29b-3p,UAGCACCAUUUGAAAUCAGUGUU
hsa-mir-346,UGUCUGCCCGCAUGCCUGCCUCU
hsa-mir-125b-5p,UCCCUGAGACCCUAACUUGUGA
hsa-let-7a-5p,UGAGGUAGUAGGUUGUAUAGUU
hsa-let-7i-5p,UGAGGUAGUAGUUUGUGCUGUU
hsa-mir-4500,UGAGGUAGUAGUUUCUU
hsa-mir-370-3p,GCCUGCUGGGGUGGAACCUGGU
hsa-mir-134-5p,UGUGACUGGUUGACCAGAGGGG
hsa-mir-211-5p,UUCCCUUUGUCAUCCUUCGCCU
hsa-mir-138-5p,AGCUGGUGUUGUGAAUCAGGCCG
hsa-mir-4725-5p,AGACCCUGCAGCCUUCCCACC
hsa-mir-187-3p,UCGUGUCUUGUGUUGCAGCCGG
hsa-mir-4319,UCCCUGAGCAAAGCCAC
hsa-mir-24-3p,UGGCUCAGUUCAGCAGGAACAG
hsa-mir-27a-3p,UUCACAGUGGCUAAGUUCCGC
hsa-let-7e-5p,UGAGGUAGGAGGUUGUAUAGUU
hsa-mir-125a-5p,UCCCUGAGACCCUUUAACCUGUGA
hsa-mir-128-3p,UCACAGUGAACCGGUCUCUUU
hsa-mir-153-3p,UUGCAUAGUCACAAAAGUGAUC
hsa-mir-149-5p,UCUGGCUCCGUGUCUUCACUCCC
hsa-mir-499a-5p,UUAAGACUUGCAGUGAUGUUU
hsa-mir-124-3p,UAAGGCACGCGGUGAAUGCCAA
hsa-let-7c-5p,UGAGGUAGUAGGUUGUAUGGUU
hsa-let-7b-5p,UGAGGUAGUAGGUUGUGUGGUU
hsa-let-7g-5p,UGAGGUAGUAGUUUGUACAGUU
hsa-mir-4458,AGAGGUAGGUGUGGAAGAA
hsa-mir-874-3p,CUGCCCUGGCCCGAGGGACCGA
hsa-mir-339-5p,UCCCUGUCCUCCAGGAGCUCACG
hsa-mir-183-5p,UAUGGCACUGGUAGAAUUCACU
hsa-mir-29a-3p,UAGCACCAUCUGAAAUCGGUUA
hsa-mir-490-3p,CAACCUGGAGGACUCCAUGCUG
hsa-mir-486-5p,UCCUGUACUGAGCUGCCCCGAG
hsa-mir-491-5p,AGUGGGGAACCCUUCCAUGAGG
hsa-mir-204-5p,UUCCCUUUGUCAUCCUAUGCCU
hsa-let-7f-5p,UGAGGUAGUAGAUUGUAUAGUU
hsa-let-7d-5p,AGAGGUAGUAGGUUGCAUAGUU
hsa-mir-27b-3p,UUCACAGUGGCUAAGUUCUGC
hsa-mir-455-5p,UAUGUGCCUUUGGACUACAUCG
hsa-mir-98-5p,UGAGGUAGUAAGUUGUAUUGUU
hsa-mir-504-5p,AGACCCUGGUCUGCACUCUAUC
hsa-mir-506-3p,UAAGGCACCCUUCUGAGUAGA
hsa-mir-200b-3p,UAAUACUGCCUGGUAAUGAUGA
hsa-mir-200a-3p,UAACACUGUCUGGUAACGAUGU
hsa-mir-429,UAAUACUGUCUGGUAAAACCGU
hsa-mir-378f,ACUGGACUUGGAGCCAGAAG
hsa-mir-320b,AAAAGCUGGGUUGAGAGGGCAA
hsa-mir-194-5p,UGUAACAGCAACUCCAUGUGGA
hsa-mir-378c,ACUGGACUUGGAGUCAGAAGAGUGG
hsa-mir-202-3p,AGAGGUAUAGGGCAUGGGAA
hsa-mir-129-5p,CUUUUUGCGGUCUGGGCUUGC
hsa-mir-708-5p,AAGGAGCUUACAAUCUAGCUGGG
hsa-mir-200c-3p,UAAUACUGCCGGGUAAUGAUGGA
hsa-mir-141-3p,UAACACUGUCUGGUAAAGAUGG
hsa-mir-320d,AAAAGCUGGGUUGAGAGGA
hsa-mir-494-3p,UGAAACAUACACGGGAAACCUC
hsa-mir-422a,ACUGGACUUAGGGUCAGAAGGC
hsa-mir-144-3p,UACAGUAUAGAUGAUGUACU
hsa-mir-142-3p,UGUAGUGUUUCCUACUUUAUGGA
hsa-mir-320c,AAAAGCUGGGUUGAGAGGGU
hsa-mir-4429,AAAAGCUGGGCUGAGAGGCG
hsa-mir-155-5p,UUAAUGCUAAUCGUGAUAGGGGUU
hsa-mir-378i,ACUGGACUAGGAGUCAGAAGG
hsa-mir-378b,ACUGGACUUGGAGGCAGAA
hsa-mir-28-5p,AAGGAGCUCACAGUCUAUUGAG
hsa-mir-378d,ACUGGACUUGGAGUCAGAAA
hsa-mir-3139,UAGGAGCUCAACAGAUGCCUGUU
hsa-mir-143-3p,UGAGAUGAAGCACUGUAGCUC
hsa-mir-378a-3p,ACUGGACUUGGAGUCAGAAGGC
hsa-mir-378h,ACUGGACUUGGUGUCAGAUGG
hsa-mir-378e,ACUGGACUUGGAGUCAGGA
hsa-mir-1271-5p,CUUGGCACCUAGCAAGCACUCA
hsa-mir-96-5p,UUUGGCACUAGCACAUUUUUGCU
hsa-mir-4770,UGAGAUGACACUGUAGCU
hsa-mir-503-5p,UAGCAGCGGGAACAGUUCUGCAG
hsa-mir-488-3p,UUGAAAGGCUAUUUCUUGGUC
hsa-mir-215-5p,AUGACCUAUGAAUUGACAGAC
hsa-mir-302e,UAAGUGCUUCCAUGCUU
hsa-mir-192-5p,CUGACCUAUGAAUUGACAGCC
hsa-mir-615-3p,UCCGAGCCUGGGUCUCCCUCUU
hsa-mir-433-3p,AUCAUGAUGGGCUCCUCGGUGU
hsa-mir-136-5p,ACUCCAUUUGUUUUGAUGAUGGA
hsa-mir-495-3p,AAACAAACAUGGUGCACUUCUU
hsa-mir-300,UAUACAAGGGCAGACUCUCUCU
hsa-mir-381-3p,UAUACAAGGGCAAGCUCUCUGU
hsa-mir-410-3p,AAUAUAACACAGAUGGCCUGU
hsa-mir-365a-3p,UAAUGCCCCUAAAAAUCCUUAU
hsa-mir-324-5p,CGCAUCCCCUAGGGCAUUGGUG
hsa-mir-10a-5p,UACCCUGUAGAUCCGAAUUUGUG
hsa-mir-520a-3p,AAAGUGCUUCCCUUUGGACUGU
hsa-mir-520c-3p,AAAGUGCUUCCUUUUAGAGGGU
hsa-mir-520d-3p,AAAGUGCUUCUCUUUGGUGGGU
hsa-mir-372-3p,AAAGUGCUGCGACAUUUGAGCGU
hsa-mir-373-3p,GAAGUGCUUCGAUUUUGGGGUGU
hsa-mir-10b-5p,UACCCUGUAGAACCGAAUUUGUG
hsa-mir-296-3p,GAGGGUUGGGUGGAGGCUCUCC
hsa-mir-191-5p,CAACGGAAUCCCAAAAGCAGCUG
hsa-mir-302d-3p,UAAGUGCUUCCAUGUUUGAGUGU
hsa-mir-302a-3p,UAAGUGCUUCCAUGUUUUGGUGA
hsa-mir-302c-3p,UAAGUGCUUCCAUGUUUCAGUGG
hsa-mir-302b-3p,UAAGUGCUUCCAUGUUUUAGUAG
hsa-mir-599,GUUGUGUCAGUUUAUCAAAC
hsa-mir-31-5p,AGGCAAGAUGCUGGCAUAGCU
hsa-mir-126-3p,UCGUACCGUGAGUAAUAAUGCG
hsa-mir-448,UUGCAUAUGUAGGAUGUCCCAU
hsa-mir-299-3p,UAUGUGGGAUGGUAAACCGCUU
hsa-mir-218-5p,UUGUGCUUGAUCUAACCAUGU
hsa-mir-199a-5p,CCCAGUGUUCAGACUACCUGUUC
hsa-mir-199b-5p,CCCAGUGUUUAGACUAUCUGUUC
hsa-mir-223-3p,UGUCAGUUUGUCAAAUACCCCA
hsa-mir-208a-3p,AUAAGACGAGCAAAAAGCUUGU
hsa-mir-208b-3p,AUAAGACGAACAAAAGGUUUGU
hsa-mir-411-5p,UAGUAGACCGUAUAGCGUACG
hsa-mir-451a,AAACCGUUACCAUUACUGAGUU
hsa-mir-143-5p,GGUGCAGUGCUGCAUCUCUGGU
hsa-mir-223-5p,CGUGUAUUUGACAAGCUGAGUU
hsa-mir-29a-5p,ACUGAUUUCUUUUGGUGUUCAG
hsa-mir-29c-5p,UGACCGAUUUCUCCUGGUGUUC
hsa-mir-125b-1-3p,ACGGGUUAGGCUCUUGGGAGCU
hsa-mir-125b-2-3p,UCACAAGUCAGGCUCUUGGGAC
hsa-mir-126-5p,CAUUAUUACUUUUGGUACGCG
hsa-let-7a-2-3p,CUGUACAGCCUCCUAGCUUUCC
hsa-let-7f-1-3p,CUAUACAAUCUAUUGCCUUCCC
hsa-let-7f-2-3p,CUAUACAGUCUACUGUCUUUCC
hsa-mir-181a-2-3p,ACCACUGACCGUUGACUGUACC
hsa-mir-181b-2-3p,CUCACUGAUCAAUGAAUGCA
hsa-mir-16-1-3p,CCAGUAUUAACUGUGCUGCUGA
hsa-mir-16-2-3p,CCAAUAUUACUGUGCUGCUUUA
hsa-mir-99b-5p,CACCCGUAGAACCGACCUUGCG
hsa-mir-127-5p,CUGAAGCUCAGAGGGCUCUGAU
hsa-mir-130a-5p,GCUCUUUUCACAUUGUGCUACU
hsa-mir-144-5p,GGAUAUCAUCAUAUACUGUAAG
hsa-mir-148a-5p,AAAGUUCUGAGACACUCCGACU
hsa-mir-148b-5p,AAGUUCUGUUAUACACUCAGGC
hsa-mir-152-5p,AGGUUCUGUGAUACACUCCGACU
hsa-mir-221-5p,ACCUGGCAUACAAUGUAGAUUU
hsa-mir-128-1-5p,CGGGGCCGUAGCACUGUCUGAGA
hsa-mir-128-2-5p,GGGGGCCGAUACACUGUACGAGA
hsa-mir-222-5p,CUCAGUAGCCAGUGUAGAUCCU
hsa-mir-141-5p,CAUCUUCCAGUACAGUGUUGGA
hsa-mir-200c-5p,CGUCUUACCCAGCAGUGUUUGG
hsa-mir-19a-5p,AGUUUUGCAUAGUUGCACUACA
hsa-mir-19b-1-5p,AGUUUUGCAGGUUUGCAUCCAGC
hsa-mir-19b-2-5p,AGUUUUGCAGGUUUGCAUUUCA
hsa-mir-92a-1-5p,AGGUUGGGAUCGGUUGCAAUGCU
hsa-mir-92a-2-5p,GGGUGGGGAUUUGUUGCAUUAC
hsa-mir-200b-5p,CAUCUUACUGGGCAGCAUUGGA
hsa-mir-337-5p,GAACGGCUUCAUACAGGAGUU
hsa-mir-338-5p,AACAAUAUCCUGGUGCUGAGUG
hsa-mir-210-5p,AGCCCCUGCCCACCGCACACUG
hsa-mir-296-5p,AGGGCCCCCCCUCAAUCCUGU
hsa-mir-365a-5p,AGGGACUUUUGGGGGCAGAUGUG
hsa-mir-365b-5p,AGGGACUUUCAGGGGCAGCUGU
hsa-mir-423-5p,UGAGGGGCAGAGAGCGAGACUUU
hsa-mir-484,UCAGGCUCAGUCCCCUCCCGAU
hsa-mir-500a-5p,UAAUCCUUGCUACCUGGGUGAGA
hsa-mir-518b,CAAAGCGCUCCCCUUUAGAGGU
hsa-mir-557,GUUUGCACGGGUGGGCCUUGUCU
hsa-mir-596,AAGCCUGCCCGGCUCCUCGGG
hsa-mir-602,GACACGGGCGACAGCUGCGGCCC
hsa-mir-611,GCGAGGACCCCUCGGGGUCUGAC
hsa-mir-615-5p,GGGGGUCCCCGGUGCUCGGAUC
hsa-mir-629-5p,UGGGUUUACGUUGGGAGAACU
hsa-mir-637,ACUGGGGGCUUUCGGGCUCUGCGU
hsa-mir-642a-5p,GUCCCUCUCCAAAUGUGUCUUG
hsa-mir-654-5p,UGGUGGGCCGCAGAACAUGUGC
hsa-mir-663a,AGGCGGGGCGCCGCGGGACCGC
hsa-mir-769-5p,UGAGACCUCUGGGUUCUGAGCU
hsa-mir-99a-5p,AACCCGUAGAUCCGAUCUUGUG
hsa-mir-378a-5p,CUCCUGACUCCAGGUCCUGUGU
hsa-mir-454-5p,ACCCUAUCAAUAUUGUCUCUGC
hsa-mir-575,GAGCCAGUUGGACAGGAGC
hsa-mir-22-5p,AGUUCUUCAGUGGCAAGCUUUA
hsa-mir-373-5p,ACUCAAAAUGGGGGCGCUUUCC
hsa-mir-363-5p,CGGGUGGAUCACGAUGCAAUUU
hsa-mir-29b-2-5p,CUGGUUUCACAUGGUGGCUUAG
hsa-mir-200a-5p,CAUCUUACCGGACAGUGCUGGA
hsa-mir-214-5p,UGCCUGUCUACACUUGCUGUGC
hsa-mir-217-5p,UACUGCAUCAGGAACUGAUUGGA
hsa-mir-452-5p,AACUGUUUGCAGAGGAAACUGA
hsa-mir-509-3-5p,UACUGCAGACGUGGCAAUCAUG
hsa-mir-517a-3p,AUCGUGCAUCCCUUUAGAGUGU
hsa-mir-518e-5p,CUCUAGAGGGAAGCGCUUUCUG
hsa-mir-519b-5p,CUCUAGAGGGAAGCGCUUUCUG
hsa-mir-593-5p,AGGCACCAGCCAGGCAUUGCUCAGC
hsa-mir-621,GGCUAGCAACAGCGCUUACCU
hsa-mir-646,AAGCAGCUGCCUCUGAGGC
hsa-mir-767-5p,UGCACCAUGGUUGUCUGAGCAUG
hsa-mir-197-5p,CGGGUAGAGAGGGCAGUGGGAGG
hsa-mir-24-1-5p,UGCCUACUGAGCUGAUAUCAGU
hsa-mir-24-2-5p,UGCCUACUGAGCUGAAACACAG
hsa-mir-320a-5p,GCCUUCUCUUCCCGGUUCUUCC
hsa-mir-101-2-5p,UCGGUUAUCAUGGUACCGAUGC
hsa-mir-27a-5p,AGGGCUUAGCUGCUUGUGAGCA
hsa-mir-331-5p,CUAGGUAUGGUCCCAGGGAUCC
hsa-mir-29b-1-5p,GCUGGUUUCAUAUGGUGGUUUAGA
hsa-mir-26a-1-3p,CCUAUUCUUGGUUACUUGCACG
hsa-mir-26a-2-3p,CCUAUUCUUGAUUACUUGUUUC
hsa-mir-30c-1-3p,CUGGGAGAGGGUUGUUUACUCC
hsa-mir-30c-2-3p,CUGGGAGAAGGCUGUUUACUCU
hsa-mir-103a-1-5p,GGCUUCUUUACAGUGCUGCCUUG
hsa-mir-103a-2-5p,AGCUUCUUUACAGUGCUGCCUUG
hsa-mir-100-5p,AACCCGUAGAUCCGAACUUGUG
hsa-mir-342-5p,AGGGGUGCUAUCUGUGAUUGA
hsa-mir-671-5p,AGGAAGCCCUGGAGGGGCUGGAG
hsa-mir-375-5p,GCGACGAGCCCCUCGCACAAACC
hsa-mir-218-1-3p,AUGGUUCCGUCAAGCACCAUGG
hsa-mir-218-2-3p,CAUGGUUCUGUCAAGCACCGCG
hsa-mir-133b,UUUGGUCCCCUUCAACCAGCUA
hsa-mir-1469,CUCGGCGCGGGGCGCGGGCUCC
hsa-mir-1471,GCCCGCGUGUGGAGCCAGGUGU
hsa-mir-1915-5p,ACCUUGCCUUGCUGCCCGGGCC
hsa-mir-193a-5p,UGGGUCUUUGCGGGCGAGAUGA
hsa-mir-2355-5p,AUCCCCAGAUACAAUGGACAA
hsa-mir-3186-5p,CAGGCGUCUGUCUACGUGGCUU
hsa-mir-625-5p,AGGGGGAAAGUUCUAUAGUCC
hsa-mir-718,CUUCCGCCCCGCCGGGCGUCG
hsa-mir-874-5p,CGGCCCCACGCACCAGGGUAAGA
hsa-mir-508-5p,UACUCCAGAGGGCGUCACUCAUG
hsa-mir-193b-5p,CGGGGUUUUGAGGGCGAGAUGA
hsa-mir-519d-5p,CCUCCAAAGGGAAGCGCUUUCUGUU
hsa-mir-525-5p,CUCCAGAGGGAUGCACUUUCU
hsa-mir-142-5p,CAUAAAGUAGAAAGCACUACU
hsa-mir-302b-5p,ACUUUAACAUGGAAGUGCUUUC
hsa-mir-302c-5p,UUUAACAUGGGGGUACCUGCUG
hsa-mir-367-5p,ACUGUUGCUAAUAUGCAACUCU
hsa-mir-381-5p,AGCGAGGUUGCCCUUUGUAUAU
hsa-mir-376b-5p,CGUGGAUAUUCCUUCUAUGUUU
hsa-mir-431-5p,UGUCUUGCAGGCCGUCAUGCA
hsa-mir-409-5p,AGGUUACCCGAGCAACUUUGCAU
hsa-mir-660-5p,UACCCAUUGCAUAUCGGAGUUG
hsa-mir-198,GGUCCAGAGGGGAGAUAGGUUC
hsa-mir-505-5p,GGGAGCCAGGAAGUAUUGAUGU
hsa-mir-1285-5p,GAUCUCACUUUGUUGCCCAGG
hsa-mir-532-5p,CAUGCCUUGAGUGUAGGACCGU
hsa-mir-23a-5p,GGGGUUCCUGGGGAUGGGAUUU
hsa-mir-1-3p,UGGAAUGUAAAGAAGUAUGUAU
hsa-mir-495-5p,GAAGUUGCCCAUGUUAUUUUCG
hsa-mir-124-5p,CGUGUUCACAGCGGACCUUGAU
hsa-mir-130b-5p,ACUCUUUCCCUGUUGCACUAC
hsa-mir-34b-5p,UAGGCAGUGUCAUUAGCUGAUUG
hsa-mir-483-5p,AAGACGGGAGGAAAGAAGGGAG
hsa-mir-4505,AGGCUGGGCUGGGACGGA
hsa-mir-132-5p,ACCGUGGCUUUCGAUUGUUACU
hsa-mir-133a-5p,AGCUGGUAAAAUGGAACCAAAU
hsa-mir-25-5p,AGGCGGAGACUUGGGCAAUUG
hsa-mir-5100,UUCAGAUCCCAGCGGUGCCUCU
hsa-mir-638,AGGGAUCGCGGGCGGGUGGCGGCCU
hsa-mir-632,GUGUCUGCUUCCUGUGGGA
hsa-mir-1246,AAUGGAUUUUUGGAGCAGG
hsa-mir-4732-5p,UGUAGAGCAGGGAGCAGGAAGCU
hsa-mir-6088,AGAGAUGAAGCGGGGGGGCG
hsa-mir-301b-5p,GCUCUGACGAGGUUGCACUACU
hsa-mir-299-5p,UGGUUUACCGUCCCACAUACAU
hsa-mir-519a-5p,CUCUAGAGGGAAGCGCUUUCUG
hsa-mir-151a-5p,UCGAGGAGCUCACAGUCUAGU
hsa-mir-377-5p,AGAGGUUGCCCUUGGUGAAUUC
hsa-mir-581,UCUUGUGUUCUCUAGAUCAGU
hsa-mir-941,CACCCGGCUGUGUGCACAUGUGC
hsa-mir-101-5p,CAGUUAUCACAGUGCUGAUGCU
hsa-mir-744-5p,UGCGGGGCUAGGGCUAACAGCA
hsa-mir-520c-5p,CUCUAGAGGGAAGCACUUUCUG
hsa-mir-523-5p,CUCUAGAGGGAAGCGCUUUCUG
hsa-mir-362-5p,AAUCCUUGGAACCUAGGUGUGAGU
hsa-mir-376c-5p,GGUGGAUAUUCCUUCUAUGUU
hsa-mir-432-5p,UCUUGGAGUAGGUCAUUGGGUGG
hsa-mir-487b-5p,GUGGUUAUCCCUGUCCUGUUCG
hsa-mir-501-5p,AAUCCUUUGUCCCUGGGUGAGA
hsa-mir-323a-5p,AGGUGGUCCGUGGCGCGUUCGC
hsa-mir-370-5p,CAGGUCACGUCUCUGCAGUUAC
hsa-mir-208b-5p,AAGCUUUUUGCUCGAAUUAUGU
hsa-mir-561-5p,AUCAAGGAUCUUAAACUUUGCC
hsa-mir-298,AGCAGAAGCAGGGAGGUUCUCCCA
hsa-mir-208a-5p,GAGCUUUUGGCCCGGGUUAUAC
hsa-mir-1224-5p,GUGAGGACUCGGGAGGUGG
hsa-mir-302a-5p,ACUUAAACGUGGAUGUACUUGCU
hsa-mir-302d-5p,ACUUUAACAUGGAGGCACUUGC
hsa-mir-372-5p,CCUCAAAUGUGGAGCACUAUUCU
hsa-mir-147a,GUGUGUGGAAAUGCUUCUGC
hsa-mir-301a-5p,GCUCUGACUUUAUUGCACUACU
hsa-mir-137-5p,ACGGGUAUUCUUGGGUGGAUAAU
hsa-mir-297,AUGUAUGUGUGCAUGUGCAUG
hsa-mir-574-5p,UGAGUGUGUGUGUGUGAGUGUGU
hsa-mir-23b-5p,UGGGUUCCUGGCAUGCUGAUUU
hsa-mir-513b-5p,UUCACAAGGAGGUGUCAUUUAU
hsa-mir-513c-5p,UUCUCAAGGAGGUGUCGUUUAU
hsa-mir-571,UGAGUUGGCCAUCUGAGUGAG
hsa-mir-652-5p,CAACCCUAGGAGAGGGUGCCAUUCA
hsa-mir-27b-5p,AGAGCUUAGCUGAUUGGUGAAC
hsa-mir-494-5p,AGGUUGUCCGUGUUGUCUUCUCU
hsa-mir-129-1-3p,AAGCCCUUACCCCAAAAAGUAU
hsa-mir-129-2-3p,AAGCCCUUACCCCAAAAAGCAU
hsa-mir-583,CAAAGAGGAAGGUCCCAUUAC
hsa-mir-1825,UCCAGUGCCCUCCUCUCC
hsa-mir-628-5p,AUGCUGACAUAUUUACUAGAGG
hsa-mir-451b,UAGCAAGAGAACCAUUACCAUU
hsa-mir-2392,UAGGAUGGGGGUGAGAGGUG
hsa-mir-3162-5p,UUAGGGAGUAGAAGGGUGGGGAG
hsa-mir-4484,AAAAGGCGGGAGAAGCCCCA
hsa-mir-433-5p,UACGGUGAGCCUGUCAUUAUUC
hsa-mir-545-5p,UCAGUAAAUGUUUAUUAGAUGA
hsa-mir-376a-5p,GUAGAUUCUCCUUCUAUGAGUA
hsa-mir-758-5p,GAUGGUUGACCAGAGAGCACAC
hsa-mir-410-5p,AGGUUGUCUGUGAUGAGUUCG
hsa-mir-597-5p,UGUGUCACUCGAUGACCACUGU
hsa-mir-636,UGUGCUUGCUCGUCCCGCCCGCA
hsa-mir-885-5p,UCCAUUACACUACCCUGCCUCU
hsa-mir-3651,CAUAGCCCGGUCGCUGGUACAUGA
hsa-mir-1827,UGAGGCAGUAGAUUGAAU
hsa-mir-1973,ACCGUGCAAAGGUAGCAUA
hsa-mir-3201,GGGAUAUGAAGAAAAAU
hsa-mir-3611,UUGUGAAGAAAGAAAUUCUUA
hsa-mir-3646,AAAAUGAAAUGAGCCCAGCCCA
hsa-mir-3686,AUCUGUAAGAGAAAGUAAAUGA
hsa-mir-3915,UUGAGGAAAAGAUGGUCUUAUU
hsa-mir-4268,GGCUCCUCCUCUCAGGAUGUG
hsa-mir-4279,CUCUCCUCCCGGCUUC
hsa-mir-4290,UGCCCUCCUUUCUUCCCUC
hsa-mir-498-5p,UUUCAAGCCAGGGGGCGUUUUUC
hsa-mir-612,GCUGGGCAGGGCUUCUGAGCUCCUU
hsa-mir-665,ACCAGGAGGCUGAGGCCCCU
hsa-mir-711,GGGACCCAGGGAGAGACGUAAG
hsa-mir-943,CUGACUGUUGCCGUCCUCCAG
hsa-mir-105-5p,UCAAAUGCUCAGACUCCUGUGGU
hsa-mir-1207-5p,UGGCAGGGAGGCUGGGAGGGG
hsa-mir-1237-5p,CGGGGGCGGGGCCGAAGCGCG
hsa-mir-1288-5p,GCAGAUCAGGACUGUAACUCACC
hsa-mir-3620-5p,GUGGGCUGGGCUGGGCUGGGCC
hsa-mir-4721,UGAGGGCUCCAGGUGACGGUGG
hsa-mir-576-5p,AUUCUAAUUUCUCCACGUCUUU
hsa-mir-626,AGCUGUCUGAAAAUGUCUU
hsa-mir-645,UCUAGGCUGGUACUGCUGA
hsa-mir-548q,GCUGGUGCAAAAGUAAUGGCGG
hsa-mir-345-5p,GCUGACUCCUAGUCCAGGGCUC
hsa-mir-519c-5p,CUCUAGAGGGAAGCGCUUUCUG
hsa-mir-1301-5p,CGCUCUAGGCACCGCAGCA
hsa-mir-1538,CGGCCCGGGCUGCUGCUGUUCCU
hsa-mir-490-5p,CCAUGGAUCUCCAGGUGGGU
hsa-mir-1179,AAGCAUUCUUUCAUUGGUUGG
hsa-mir-1275,GUGGGGGAGAGGCUGUC
hsa-mir-212-5p,ACCUUGGCUCUAGACUGCUUACU
hsa-mir-4739,AAGGGAGGAGGAGCGGAGGGGCCCU
hsa-mir-1244,AAGUAGUUGGUUUGUAUGAGAUGGUU
hsa-mir-520b-5p,CCUCUACAGGGAAGCGCUUUC
hsa-mir-765,UGGAGGAGAAGGAAGGUGAUG
hsa-mir-1225-5p,GUGGGUACGGCCCAGUGGGGGG
hsa-mir-4294,GGGAGUCUACAGCAGGG
hsa-mir-4476,CAGGAAGGAUUUAGGGACAGGC
hsa-mir-4530,CCCAGCAGGACGGGAGCG
hsa-mir-6075,ACGGCCCAGGCGGCAUUGGUG
hsa-mir-6799-5p,GGGGAGGUGUGCAGGGCUGG
hsa-mir-6836-5p,CGCAGGGCCCUGGCGCAGGCAU
hsa-mir-6880-5p,UGGUGGAGGAAGAGGGCAGCUC
hsa-mir-188-5p,CAUCCCUUGCAUGGUGGAGGG
hsa-mir-517c-3p,AUCGUGCAUCCUUUUAGAGUGU
hsa-mir-328-5p,GGGGGGGCAGGAGGGGCUCAGGG
hsa-mir-639,AUCGCUGCGGUUGCGAGCGCUGU
hsa-mir-187-5p,GGCUACAACACAGGACCCGGGC
hsa-mir-202-5p,UUCCUAUGCAUAUACUUCUUUG
hsa-mir-3149,UUUGUAUGGAUAUGUGUGUGUAU
hsa-mir-572,GUCCGCUCGGCGGUGGCCCA
hsa-mir-520h,ACAAAGUGCUUCCCUUUAGAGU
hsa-mir-586,UAUGCAUUGUAUUUUUAGGUCC
hsa-mir-92b-5p,AGGGACGGGACGCGGUGCAGUG
hsa-mir-3662,GAAAAUGAUGAGUAGUGACUGAUG
hsa-mir-944,AAAUUAUUGUACAUCGGAUGAG
hsa-mir-520d-5p,CUACAAAGGGAAGCCCUUUC
hsa-mir-764,GCAGGUGCUCACUUGUCCUCCU
hsa-mir-579-5p,UCGCGGUUUGUGCCAGAUGACG
hsa-mir-500b-5p,AAUCCUUGCUACCUGGGU
hsa-mir-942-5p,UCUUCUCUGUUUUGGCCAUGUG
hsa-mir-542-5p,UCGGGGAUCAUCAUGUCACGAGA
hsa-mir-4487,AGAGCUGGCUGAAGGGCAG
hsa-mir-4706,AGCGGGGAGGAAGUGGGCGCUGCUU
hsa-mir-4731-5p,UGCUGGGGGCCACAUGAGUGUG
hsa-mir-506-5p,UAUUCAGGAAGGUGUUACUUAA
hsa-mir-509-5p,UACUGCAGACAGUGGCAAUCA
hsa-mir-514a-5p,UACUCUGGAGAGUGACAAUCAUG
hsa-mir-664a-5p,ACUGGCUAGGGAAAAUGAUUGGAU
hsa-mir-3151-5p,GGUGGGGCAAUGGGAUCAGGU
hsa-mir-511-5p,GUGUCUUUUGCUCUGCAGUCA
hsa-mir-595,GAAGUGUGCCGUGGUGUGUCU
hsa-mir-939-5p,UGGGGAGCUGAGGCUCUGGGGGUG
hsa-mir-1183,CACUGUAGGUGAUGGUGAGAGUGGGCA
hsa-mir-1299,UUCUGGAAUUCUGUGUGAGGGA
hsa-mir-3960,GGCGGCGGCGGAGGCGGGGG
hsa-mir-4534,GGAUGGAGGAGGGGUCU
hsa-mir-627-5p,GUGAGUCUCUAAGAAAAGAGGA
hsa-mir-3925-5p,AAGAGAACUGAAAGUGGAGCCU
hsa-mir-3926,UGGCCAAAAAGCAGGCAGAGA
hsa-mir-4634,CGGCGCGACCGGCCCGGGG
hsa-mir-4764-5p,UGGAUGUGGAAGGAGUUAUCU
hsa-mir-2861,GGGGCCUGGCGGUGGGCGG
hsa-mir-1307-5p,UCGACCGGACCUCGACCGGCU
hsa-mir-6861-5p,ACUGGGUAGGUGGGGCUCCAGG
hsa-mir-6875-5p,UGAGGGACCCAGGACAGGAGA
hsa-mir-3663-5p,GCUGGUCUGCGUGGUGCUCGG
hsa-mir-4726-5p,AGGGCCAGAGGAGCCUGGAGUGG
hsa-mir-7109-5p,CUGGGGGGAGGAGACCCUGCU
hsa-mir-940,AAGGCAGGGCCCCCGCUCCCC
hsa-mir-369-5p,AGAUCGACCGUGUUAUAUUCGC
hsa-mir-938,UGCCCUUAAAGGUGAACCCAGU
hsa-mir-184,UGGACGGAGAACUGAUAAGGGU
hsa-mir-3074-5p,GUUCCUGCUGAACUGAGCCAG
hsa-mir-4448,GGCUCCUUGGUCUAGGGGUA
hsa-mir-4772-5p,UGAUCAGGCAAAAUUGCAGACU
hsa-mir-489-5p,GGUCGUAUGUGUGACGCCAUUU
hsa-mir-642b-5p,GGUUCCCUCUCCAAAUGUGUCU
hsa-mir-663b,GGUGGCCCGGCCGUGCCUGAGG
hsa-mir-380-5p,UGGUUGACCAUAGAACAUGCGC
hsa-mir-556-5p,GAUGAGCUCAUUGUAAUAUGAG
hsa-mir-1266-5p,CCUCAGGGCUGUAGAACAGGGCU
hsa-mir-3171,AGAUGUAUGGAAUCUGUAUAUAUC
hsa-mir-4666a-5p,AUACAUGUCAGAUUGUAUGCC
hsa-mir-892a,CACUGUGUCCUUUCUGCGUAG
hsa-mir-1281,UCGCCUCCUCCUCUCCC
hsa-mir-3126-5p,UGAGGGACAGAUGCCAGAAGCA
hsa-mir-892b,CACUGGCUCCUUUCUGGGUAGA
hsa-mir-766-5p,AGGAGGAAUUGGUGCUGGUCUU
hsa-mir-524-5p,CUACAAAGGGAAGCACUUUCUC
hsa-mir-1233-5p,AGUGGGAGGCCAGGGCACGGCA
hsa-mir-598-5p,GCGGUGAUCCCGAUGGUGUGAGC
hsa-mir-2110,UUGGGGAAACGGCCGCUGAGUG
hsa-mir-6838-5p,AAGCAGCAGUGGCAAGACUCCU
hsa-mir-3613-5p,UGUUGUACUUUUUUUUUUGUUC
hsa-mir-1229-5p,GUGGGUAGGGUUUGGGGGAGAGCG
hsa-mir-8084,GAAUACUAAGUAAAAAAUCAGUA
hsa-mir-488-5p,CCCAGAUAAUGGCACUCUCAA
hsa-mir-95-5p,UCAAUAAAUGUCUGUUGAAUU
hsa-mir-1260a,AUCCCACCUCUGCCACCA
hsa-mir-1908-5p,CGGCGGGGACGGCGAUUGGUC
hsa-mir-7-2-3p,CAACAAAUCCCAGUCUACCUAA
hsa-mir-371b-5p,ACUCAAAAGAUGGCGGCACUUU
hsa-mir-3135b,GGCUGGAGCGAGUGCAGUGGUG
hsa-mir-4531,AUGGAGAAGGCUUCUGA
hsa-mir-4709-5p,ACAACAGUGACUUGCUCUCCAA
hsa-mir-4742-5p,UCAGGCAAAGGGAUAUUUACAGA
hsa-mir-4756-5p,CAGGGAGGCGCUCACUCUCUGCU
hsa-mir-4765,UGAGUGAUUGAUAGCUAUGUUC
hsa-mir-5187-5p,UGGGAUGAGGGAUUGAAGUGGA
hsa-mir-5584-5p,CAGGGAAAUGGGAAGAACUAGA
hsa-mir-647,GUGGCUGCACUCACUUCCUUC
hsa-mir-563,AGGUUGACAUACGUUUCCC
hsa-mir-3177-5p,UGUGUACACACGUGCCAGGCGCU
hsa-mir-1185-1-3p,AUAUACAGGGGGAGACUCUUAU
hsa-mir-1343-5p,UGGGGAGCGGCCCCCGGGUGGG
hsa-mir-4695-5p,CAGGAGGCAGUGGGCGAGCAGG
hsa-mir-6724-5p,CUGGGCCCGCGGCGGGCGUGGGG
hsa-mir-6831-5p,UAGGUAGAGUGUGAGGAGGAGGUC
hsa-mir-518c-5p,UCUCUGGAGGGAAGCACUUUCUG
hsa-mir-600,ACUUACAGACAAGAGCCUUGCUC
hsa-mir-601,UGGUCUAGGAUUGUUGGAGGAG
hsa-mir-608,AGGGGUGGUGUUGGGACAGCUCCGU
hsa-mir-622,ACAGUCUGCUGAGGUUGGAGC
hsa-mir-657,GGCAGGUUCUCACCCUCUCUAGG
hsa-mir-658,GGCGGAGGGAAGUAGGUCCGUUGGU
hsa-mir-662,UCCCACGUUGUGGCCCAGCAG
hsa-mir-196a-1-3p,CAACAACAUUAAACCACCCGA
hsa-mir-1249-5p,AGGAGGGAGGAGAUGGGCCAAGUU
hsa-mir-584-5p,UUAUGGUUUGCCUGGGACUGAG
hsa-mir-1290,UGGAUUUUUGGAUCAGGGA
hsa-mir-7-1-3p,CAACAAAUCACAGUCUGCCAUA
hsa-mir-614,GAACGCCUGUUCUUGCCAGGUGG
hsa-mir-648,AAGUGUGCAGGGCACUGGU
hsa-mir-1323,UCAAAACUGAGGGGCAUUUUCU
hsa-mir-4257,CCAGAGGUGGGGACUGAG
hsa-mir-922,GCAGCAGAGAAUAGGACUACGUC
hsa-mir-592,UUGUGUCAAUAUGCGAUGAUGU
hsa-mir-151b,UCGAGGAGCUCACAGUCU
hsa-mir-655-5p,AGAGGUUAUCCGUGUUAUGUUC
hsa-mir-760,CGGCUCUGGGUCUGUGGGGA
hsa-mir-378g,ACUGGGCUUGGAGUCAGAAG
hsa-mir-5010-5p,AGGGGGAUGGCAGAGCAAAAUU
hsa-mir-516a-5p,UUCUCGAGGAAAGAAGCACUUUC
hsa-mir-802,CAGUAACAAAGAUUCAUCCUUGU
hsa-mir-4449,CGUCCCGGGGCUGCGCGAGGCA
hsa-mir-4454,GGAUCCGAGUCACGGCACCA
hsa-mir-4649-5p,UGGGCGAGGGGUGGGCUCUCAGAG
hsa-mir-1843,UAUGGAGGUCUCUGUCUGGC
hsa-mir-551b-5p,GAAAUCAAGCGUGGGUGAGACC
hsa-mir-1255a,AGGAUGAGCAAAGAAAGUAGAUU
hsa-mir-520g-5p,UCUAGAGGAAGCACUUUCUGUUU
hsa-mir-1260b,AUCCCACCACUGCCACCAU
hsa-mir-4508,GCGGGGCUGGGCGCGCG
hsa-mir-3667-5p,AAAGACCCAUUGAGGAGAAGGU
hsa-mir-1236-5p,UGAGUGACAGGGGAAAUGGGGA
hsa-mir-567,AGUAUGUUCUUCCAGGACAGAAC
hsa-mir-502-5p,AUCCUUGCUAUCUGGGUGCUA
hsa-mir-325,CCUAGUAGGUGUCCAGUAAGUGU
hsa-mir-5586-5p,UAUCCAGCUUGUUACUAUAUGC
hsa-mir-4728-5p,UGGGAGGGGAGAGGCAGCAAGCA
hsa-mir-1296-5p,UUAGGGCCCUGGCUCCAUCUCC
hsa-mir-6826-5p,UCAAUAGGAAAGAGGUGGGACCU
hsa-mir-651-5p,UUUAGGAUAAGCUUGACUUUUG
hsa-mir-510-5p,UACUCAGGAGAGUGGCAAUCAC
hsa-mir-7705,AAUAGCUCAGAAUGUCAGUUCUG
hsa-mir-493-5p,UUGUACAUGGUAGGCUUUCAUU
hsa-mir-548j-5p,AAAAGUAAUUGCGGUCUUUGGU
hsa-mir-1202,GUGCCAGCUGCAGUGGGGGAG
hsa-mir-522-5p,CUCUAGAGGGAAGCGCUUUCUG
hsa-mir-582-5p,UUACAGUUGUUCAACCAGUUACU
hsa-mir-888-5p,UACUCAAAAAGCUGUCAGUCA
hsa-mir-6126,GUGAAGGCCCGGCGGAGA
hsa-mir-6780b-5p,UGGGGAAGGCUUGGCAGGGAAGA
hsa-mir-512-5p,CACUCAGCCUUGAGGGCACUUUC
hsa-mir-1227-5p,GUGGGGCCAGGCGGUGG
hsa-mir-675-5p,UGGUGCGGAGAGGGCCCACAGUG
hsa-mir-1256,AGGCAUUGACUUCUCACUAGCU
hsa-mir-1286,UGCAGGACCAAGAUGAGCCCU
hsa-mir-1287-5p,UGCUGGAUCAGUGGUUCGAGUC
hsa-mir-641,AAAGACAUAGGAUAGAGUCACCUC
hsa-mir-1258,AGUUAGGAUUAGGUCGUGGAA
hsa-mir-570-5p,AAAGGUAAUUGCAGUUUUUCCC
hsa-mir-203a-5p,AGUGGUUCUUAACAGUUCAACAGUU
hsa-mir-659-5p,AGGACCUUCCCUGAACCAAGGA
hsa-mir-492,AGGACCUGCGGGACAAGAUUCUU
hsa-mir-519e-5p,UUCUCCAAAAGGGAGCACUUUC
hsa-mir-569,AGUUAAUGAAUCCUGGAAAGU
hsa-mir-519a-2-5p,CCUCUACAGGGAAGCGCUUUC
hsa-mir-520a-5p,CUCCAGAGGGAAGUACUUUCU
hsa-mir-520e-5p,CUCAAGAUGGAAGCAGUUUCUG
hsa-mir-520f-5p,CCUCUAAAGGGAAGCGCUUUCU
hsa-mir-605-5p,UAAAUCCCAUGGUGCCUUCUCCU
hsa-mir-1273c,GGCGACAAAACGAGACCCUGUC
hsa-mir-1303,UUUAGAGACGGGGUCUUGCUCU
hsa-mir-499b-5p,ACAGACUUGCUGUGAUGUUCA
hsa-mir-1231,GUGUCUGGGCGGACAGCUGC
hsa-mir-624-5p,UAGUACCAGUACCUUGUGUUCA
hsa-mir-526b-5p,CUCUUGAGGGAAGCACUUUCUGU
hsa-mir-3649,AGGGACCUGAGUGUCUAAG
hsa-mir-2278,GAGAGCAGUGUGUGUUGCCUGG
hsa-mir-603,CACACACUGCAAUUACUUUUGC
hsa-mir-4513,AGACUGACGGCUGGAGGCCCAU
hsa-mir-604,AGGCUGCGGAAUUCAGGAC
hsa-mir-2682-5p,CAGGCAGUGACUGUUCAGACGUC
hsa-mir-1206,UGUUCAUGUAGAUGUUUAAGC
hsa-mir-548ac,CAAAAACCGGCAAUUACUUUUG
hsa-mir-320e,AAAGCUGGGUUGAGAAGG
hsa-mir-4293,CAGCCUGACAGGAACAG
hsa-mir-3622a-5p,CAGGCACGGGAGCUCAGGUGAG
hsa-mir-5582-5p,UAGGCACACUUAAAGUUAUAGC
hsa-mir-551a,GCGACCCACUCUUGGUUUCCA
hsa-mir-550a-5p,AGUGCCUGAGGGAGUAAGAGCCC
hsa-mir-618,AAACUCUACUUGUCCUUCUGAGU
hsa-mir-4639-5p,UUGCUAAGUAGGCUGAGAUUGA
hsa-mir-1269b,CUGGACUGAGCCAUGCUACUGG
hsa-mir-3131,UCGAGGACUGGUGGAAGGGCCUU
hsa-mir-1269a,CUGGACUGAGCCGUGCUACUGG
hsa-mir-1203,CCCGGAGCCAGGAUGCAGCUC
hsa-mir-6720-5p,UUCCAGCCCUGGUAGGCGCCGCG
hsa-mir-6886-5p,CCCGCAGGUGAGAUGAGGGCU
hsa-mir-1302,UUGGGACAUACUUAUGCUAAA
hsa-mir-3161,CUGAUAAGAACAGAGGCCCAGAU
hsa-mir-589-5p,UGAGAACCACGUCUGCUCUGAG
hsa-mir-135a-2-3p,AUGUAGGGAUGGAAGCCAUGAA
hsa-mir-4282,UAAAAUUUGCAUCCAGGA
hsa-mir-138-1-3p,GCUACUUCACAACACCAGGGCC
hsa-mir-138-2-3p,GCUAUUUCACGACACCAGGGUU
hsa-mir-630,AGUAUUCUGUACCAGGGAAGGU
hsa-mir-937-5p,GUGAGUCAGGGUGGGGCUGG
hsa-mir-548a-3p,CAAAACUGGCAAUUACUUUUGC
hsa-mir-573,CUGAAGUGAUGUGUAACUGAUCAG
hsa-mir-634,AACCAGCACCCCAACUUUGGAC
hsa-mir-1180-5p,GGACCCACCCGGCCGGGAAUA
hsa-mir-548an,AAAAGGCAUUGUGGUUUUUG
hsa-mir-541-5p,AAAGGAUUCUGCUGUCGGUCCCACU
hsa-mir-610,UGAGCUAAAUGUGUGCUGGGA
hsa-mir-329-5p,GAGGUUUUCUGGGUUUCUGUUUC
hsa-mir-3178,GGGGCGCGGCCGGAUCG
hsa-mir-661,UGCCUGGGUCUCUGGCCUGCGCGU
hsa-mir-640,AUGAUCCAGGAACCUGCCUCU
hsa-mir-1181,CCGUCGCCGCCACCCGAGCCG
hsa-mir-650,AGGAGGCAGCGCUCUCAGGAC
hsa-mir-302f,UAAUUGCUUCCAUGUUU
hsa-mir-617,AGACUUCCCAUUUGAAGGUGGC
hsa-mir-376a-2-5p,GGUAGAUUUUCCUUCUAUGGU
hsa-mir-190b-5p,UGAUAUGUUUGAUAUUGGGUUG
hsa-mir-323b-5p,AGGUUGUCCGUGGUGAGUUCGCA
hsa-mir-1228-5p,GUGGGCGGGGGCAGGUGUGUG
hsa-mir-1234-3p,UCGGCCUGACCACCCACCCCAC
hsa-mir-515-5p,UUCUCCAAAAGAAAGCACUUUCUG
hsa-mir-1321,CAGGGAGGUGAAUGUGAU
hsa-mir-877-5p,GUAGAGGAGAUGGCGCAGGG
hsa-mir-4423-5p,AGUUGCCUUUUUGUUCCCAUGC
hsa-mir-4723-5p,UGGGGGAGCCAUGAGAUAAGAGCA
hsa-mir-4661-5p,AACUAGCUCUGUGGAUCCUGAC
hsa-mir-4758-5p,GUGAGUGGGAGCCGGUGGGGCUG
hsa-mir-2909,GUUAGGGCCAACAUCUCUUGG
hsa-mir-552-5p,GUUUAACCUUUUGCCUGUUGG
hsa-mir-3144-5p,AGGGGACCAAAGAGAUAUAUAG
hsa-mir-1291,UGGCCCUGACUGAAGACCAGCAGU
hsa-mir-3127-5p,AUCAGGGCUUGUGGAAUGGGAAG
hsa-mir-578,CUUCUUGUGCUCUAGGAUUGU
hsa-mir-1226-5p,GUGAGGGCAUGCAGGCCUGGAUGGGG
hsa-mir-558,UGAGCUGCUGUACCAAAAU
hsa-mir-3189-5p,UGCCCCAUCUGUGCCCUGGGUAGGA
hsa-mir-1270,CUGGAGAUAUGGAAGAGCUGUGU
hsa-mir-1204,UCGUGGCCUGGUCUCCAUUAU
hsa-mir-577,UAGAUAAAAUAUUGGUACCUG
hsa-mir-548c-5p,AAAAGUAAUUGCGGUUUUUGCC
hsa-mir-518a-5p,CUGCAAAGGGAAGCCCUUUC
hsa-mir-889-5p,AAUGGCUGUCCGUAGUAUGGUC
hsa-mir-1238-5p,GUGAGUGGGAGCCCCAGUGUGUG
hsa-mir-449c-5p,UAGGCAGUGUAUUGCUAGCGGCUGU
hsa-mir-1264,CAAGUCUUAUUUGAGCACCUGUU
hsa-mir-4286,ACCCCACUCCUGGUACC
hsa-mir-5193,UCCUCCUCUACCUCAUCCCAGU
hsa-mir-4446-5p,AUUUCCCUGCCAUUCCCUUGGC
hsa-mir-4697-5p,AGGGGGCGCAGUCACUGACGUG
hsa-mir-4496,GAGGAAACUGAAGCUGAGAGGG
hsa-mir-3176,ACUGGCCUGGGACUACCGG
hsa-mir-3654,GACUGGACAAGCUGAGGAA
hsa-mir-5004-5p,UGAGGACAGGGCAAAUUCACGA
hsa-mir-606,AAACUACUGAAAAUCAAAGAU
hsa-mir-518f-5p,CUCUAGAGGGAAGCACUUUCUC
hsa-mir-1295a,UUAGGCCGCAGAUCUGGGUGA
hsa-mir-4443,UUGGAGGCGUGGGUUUU
hsa-mir-4687-5p,CAGCCCUCCUCCCGCACCCAAA
hsa-mir-616-5p,ACUCAAAACCCUUCAGUGACUU
hsa-mir-4787-5p,GCGGGGGUGGCGGCGGCAUCCC
hsa-mir-1284,UCUAUACAGACCCUGGCUUUUC
hsa-mir-635,ACUUGGGCACUGAAACAAUGUCC
hsa-mir-3658,UUUAAGAAAACACCAUGGAGAU
hsa-mir-4753-5p,CAAGGCCAAAGGAAGAGAACAG
hsa-mir-1292-5p,UGGGAACGGGUUCCGGCAGACGCUG
hsa-mir-4775,UUAAUUUUUUGUUUCGGUCACU
hsa-mir-644a,AGUGUGGCUUUCUUAGAGC
hsa-mir-147b-5p,UGGAAACAUUUCUGCACAAACU
hsa-mir-4447,GGUGGGGGCUGUUGUUU
hsa-mir-548p,UAGCAAAAACUGCAGUUACUUU
hsa-mir-548f-5p,UGCAAAAGUAAUCACAGUUUUU
hsa-mir-548am-5p,AAAAGUAAUUGCGGUUUUUGCC
hsa-mir-548i,AAAAGUAAUUGCGGAUUUUGCC
hsa-mir-676-5p,UCUUCAACCUCAGGACUUGCA
hsa-mir-466,AUACACAUACACGCAACACACAU
hsa-mir-762,GGGGCUGGGGCCGGGGCCGAGC
hsa-mir-2113,AUUUGUGCUUGGCUCUGUCAC
hsa-mir-1910-5p,CCAGUCCUGUGCCUGCCGCCU
hsa-mir-514b-5p,UUCUCAAGAGGGAGGCAAUCAU
hsa-mir-6853-5p,AGCGUGGGAUGUCCAUGAAGUCAG
hsa-mir-4521,GCUAAGGAAGUCCUGUGCUCAG
hsa-mir-4455,AGGGUGUGUGUGUUUUU
hsa-mir-3614-5p,CCACUUGGAUCUGAAGGCUGCCC
hsa-mir-1976,CCUCCUGCCCUCCUUGCUGU
hsa-mir-4633-5p,AUAUGCCUGGCUAGCUCCUC
hsa-mir-1247-5p,ACCCGUCCCGUUCGUCCCCGGA
hsa-mir-3148,UGGAAAAAACUGGUGUGUGCUU
hsa-mir-3158-5p,CCUGCAGAGAGGAAGCCCUUC
hsa-mir-5699-5p,UGCCCCAACAAGGAAGGACAAG
hsa-mir-6798-5p,CCAGGGGGAUGGGCGAGCUUGGG
hsa-mir-1972,UCAGGCCAGGCACAGUGGCUCA
hsa-mir-507,UUUUGCACCUUUUGGAGUGAA
hsa-mir-770-5p,UCCAGUACCACGUGUCAGGGCCA
hsa-mir-1253,AGAGAAGAAGAUCAGCCUGCA
hsa-mir-4302,CCAGUGUGGCUCAGCGAG
hsa-mir-6873-5p,CAGAGGGAAUACAGAGGGCAAU
hsa-mir-4310,GCAGCAUUCAUGUCCC
hsa-mir-5003-5p,UCACAACAACCUUGCAGGGUAGA
hsa-mir-518d-5p,CUCUAGAGGGAAGCACUUUCUG
hsa-mir-1293,UGGGUGGUCUGGAGAUUUGUGC
hsa-mir-1245a,AAGUGAUCUAAAGGCCUACAU
hsa-mir-1245b-5p,UAGGCCUUUAGAUCACUUAAA
hsa-mir-544b,ACCUGAGGUUGUGCAUUUCUAA
hsa-mir-103b,UCAUAGCCCUGUACAAUGCUGCU
hsa-mir-550a-3-5p,AGUGCCUGAGGGAGUAAGAG
hsa-mir-591,AGACCAUGGGUUCUCAUUGU
hsa-mir-1248,ACCUUCUUGUAUAAGCACUGUGCUAAA
hsa-mir-656-5p,AGGUUGCCUGUGAGGUGUUCA
hsa-mir-4782-5p,UUCUGGAUAUGAAGACAAUCAA
hsa-mir-9500,AAGGGAAGAUGGUGACCAC
hsa-mir-620,AUGGAGAUAGAUAUAGAAAU
hsa-mir-3928-5p,UGAAGCUCUAAGGUUCCGCCUGC
hsa-mir-585-5p,CUAGCACACAGAUACGCCCAGA
hsa-mir-548d-5p,AAAAGUAAUUGUGGUUUUUGCC
hsa-mir-450b-5p,UUUUGCAAUAUGUUCCUGAAUA
hsa-mir-1324,CCAGACAGAAUUCUAUGCACUUUC
hsa-mir-568,AUGUAUAAAUGUAUACACAC
hsa-mir-1178-5p,CAGGGUCAGCUGAGCAUG
hsa-mir-1182,GAGGGUCUUGGGAGGGAUGUGAC
hsa-mir-4284,GGGCUCACAUCACCCCAU
hsa-mir-4717-5p,UAGGCCACAGCCACCCAUGUGU
hsa-mir-875-5p,UAUACCUCAGUUUUAUCAGGUG
hsa-mir-3622b-5p,AGGCAUGGGAGGUCAGGUGA
hsa-mir-4467,UGGCGGCGGUAGUUAUGGGCUU
hsa-mir-526a-5p,CUCUAGAGGGAAGCACUUUCUG
hsa-mir-1283,UCUACAAAGGAAAGCGCUUUCU
hsa-mir-587,UUUCCAUAGGUGAUGAGUCAC
hsa-mir-631,AGACCUGGCCCAGACCUCAGC
hsa-mir-3130-5p,UACCCAGUCUCCGGUGCAGCC
hsa-mir-548b-5p,AAAAGUAAUUGUGGUUUUGGCC
hsa-mir-4736,AGGCAGGUUAUCUGGGCUG
hsa-mir-664b-5p,UGGGCUAAGGGAGAUGAUUGGGUA
hsa-mir-935,CCAGUUACCGCUUCCGCUACCGC
hsa-mir-4480,AGCCAAGUGGAAGUUACUUUA
hsa-mir-4270,UCAGGGAGUCAGGGGAGGGC
hsa-mir-4778-5p,AAUUCUGUAAAGGAAGAAGAGG
hsa-mir-6068,CCUGCGAGUCUCCGGCGGUGG
hsa-mir-6133,UGAGGGAGGAGGUUGGGUA
hsa-mir-4701-5p,UUGGCCACCACACCUACCCCUU
hsa-mir-3188,AGAGGCUUUGUGCGGAUACGGGG
hsa-mir-4271,GGGGGAAGAAAAGGUGGGG
hsa-mir-6734-5p,UUGAGGGGAGAAUGAGGUGGAGA
hsa-mir-588,UUGGCCACAAUGGGUUAGAAC
hsa-mir-1304-5p,UUUGAGGCUACAGUGAGAUGUG
hsa-mir-1298-5p,UUCAUUCGGCUGUCCAGAUGUA
hsa-mir-3117-5p,AGACACUAUACGAGUCAUAU
hsa-mir-3941,UUACACACAACUGAGGAUCAUA
hsa-mir-3908,GAGCAAUGUAGGUAGACUGUUU
hsa-mir-3664-5p,AACUCUGUCUUCACUCAUGAGU
hsa-mir-1185-5p,AGAGGAUACCCUUUGUAUGUU
hsa-mir-4317,ACAUUGCCAGGGAGUUU
hsa-mir-4326,UGUUCCUCUGUCUCCCAGAC
hsa-mir-513a-5p,UUCACAGGGAGGUGUCAU
hsa-mir-6869-5p,GUGAGUAGUGGCGCGCGGCGGC
hsa-mir-3147,GGUUGGGCAGUGAGGAGGGUGUGA
hsa-mir-3909,UGUCCUCUAGGGCCUGCAGUCU
hsa-mir-6086,GGAGGUUGGGAAGGGCAGAG
hsa-mir-548k,AAAAGUACUUGCGGAUUUUGCU
hsa-mir-3160-5p,GGCUUUCUAGUCUCAGCUCUCC
hsa-mir-4497,CUCCGGGACGGCUGGGC
hsa-mir-487a-5p,GUGGUUAUCCCUGCUGUGUUCG
hsa-mir-3200-5p,AAUCUGAGAAGGCGCACAAGGU
hsa-mir-5590-5p,UUGCCAUACAUAGACUUUAUU
hsa-mir-6852-5p,CCCUGGGGUUCUGAGGACAUG
hsa-mir-6089,GGAGGCCGGGGUGGGGCGGGGCGG
hsa-mir-7702,CUUAGACUGCCAGACUCCCUGA
hsa-mir-1265,CAGGAUGUGGUCAAGUGUUGUU
hsa-mir-933,UGUGCGCAGGGAGACCUCUCCC
hsa-mir-1306-5p,CCACCUCCCCUGCAAACGUCCA
hsa-mir-4463,GAGACUGGGGUGGGGCC
hsa-mir-4490,UCUGGUAAGAGAUUUGGGCAUA
hsa-mir-6775-5p,UCGGGGCAUGGGGGAGGGAGGCUGG
hsa-mir-203b-5p,UAGUGGUCCUAAACAUUUCACA
hsa-mir-450a-5p,UUUUGCGAUGUGUUCCUAAUAU
hsa-mir-3196,CGGGGCGGCAGGGGCCUC
hsa-mir-562,AAAGUAGCUGUACCAUUUGC
hsa-mir-1261,AUGGAUAAGGCUUUGGCUU
hsa-mir-4650-5p,UCAGGCCUCUUUCUACCUU
hsa-mir-643,ACUUGUAUGCUAGCUCAGGUAG
hsa-mir-4516,GGGAGAAGGGUCGGGGC
hsa-mir-1294,UGUGAGGUUGGCAUUGUUGUCU
hsa-mir-7152-5p,UUUCCUGUCCUCCAACCAGACC
hsa-mir-891a-5p,UGCAACGAACCUGAGCCACUGA
hsa-mir-934,UGUCUACUACUGGAGACACUGG
hsa-mir-564,AGGCACGGUGUCAGCAGGC
hsa-mir-3175,CGGGGAGAGAACGCAGUGACGU
hsa-mir-555,AGGGUAAGCUGAACCUCUGAU
hsa-mir-1914-5p,CCCUGUGCCCGGCCCACUUCUG
hsa-mir-3648,AGCCGCGGGGAUCGCCGAGGG
hsa-mir-548t-5p,CAAAAGUGAUCGUGGUUUUUG
hsa-mir-1268a,CGGGCGUGGUGGUGGGGG
hsa-mir-1268b,CGGGCGUGGUGGUGGGGGUG
hsa-mir-4466,GGGUGCGGGCCGGCGGGG
hsa-mir-6729-5p,UGGGCGAGGGCGGCUGAGCGGC
hsa-mir-619-5p,GCUGGGAUUACAGGCAUGAGCC
hsa-mir-450a-1-3p,AUUGGGAACAUUUUGCAUGUAU
hsa-mir-450a-2-3p,AUUGGGGACAUUUUGCAUUCAU
hsa-mir-527,CUGCAAAGGGAAGCCCUUUC
hsa-mir-1305,UUUUCAACUCUAAUGGGAGAGA
hsa-mir-1322,GAUGAUGCUGCUGAUGCUG
hsa-mir-633,CUAAUAGUAUCUACCACAAUAAA
hsa-mir-4291,UUCAGCAGGAACAGCU
hsa-mir-4324,CCCUGAGACCCUAACCUUAA
hsa-mir-921,CUAGUGAGGGACAGAACCAGGAUUC
hsa-mir-2116-5p,GGUUCUUAGCAUAGGAGGUCU
hsa-mir-3940-5p,GUGGGUUGGGGCGGGCUCUG
hsa-mir-1295b-5p,CACCCAGAUCUGCGGCCUAAU
hsa-mir-4478,GAGGCUGAGCUGAGGAG
hsa-mir-668-5p,UGCGCCUCGGGUGAGCAUG
hsa-mir-3156-5p,AAAGAUCUGGAAGUGGGAGACA
hsa-mir-4488,AGGGGGCGGGCUCCGGCG
hsa-mir-6721-5p,UGGGCAGGGGCUUAUUGUAGGAG
hsa-mir-521,AACGCACUUCCCUUUAGAGUGU
hsa-mir-3924,AUAUGUAUAUGUGACUGCUACU
hsa-mir-548e-5p,CAAAAGCAAUCGCGGUUUUUGC
hsa-mir-550b-2-5p,AUGUGCCUGAGGGAGUAAGACA
hsa-mir-3185,AGAAGAAGGCGGUCGGUCUGCGG
hsa-mir-1277-5p,AAAUAUAUAUAUAUAUGUACGUAU
hsa-mir-3945,AGGGCAUAGGAGAGGGUUGAUAU
hsa-mir-4501,UAUGUGACCUCGGAUGAAUCA
hsa-mir-4672,UUACACAGCUGGACAGAGGCA
hsa-mir-3923,AACUAGUAAUGUUGGAUUAGGG
hsa-mir-5000-5p,CAGUUCAGAAGUGUUCCUGAGU
hsa-mir-5009-5p,UUGGACUUUUUCAGAUUUGGGGAU
hsa-mir-3065-5p,UCAACAAAAUCACUGAUGCUGGA
hsa-mir-3976,UAUAGAGAGCAGGAAGAUUAAUGU
hsa-mir-4648,UGUGGGACUGCAAAUGGGAG
hsa-mir-4664-5p,UGGGGUGCCCACUCCGCAAGUU
hsa-mir-516b-5p,AUCUGGAGGUAAGAAGCACUUU
hsa-mir-517-5p,CCUCUAGAUGGAAGCACUGUCU
hsa-mir-517b-3p,AUCGUGCAUCCCUUUAGAGUGU
hsa-mir-3195,CGCGCCGGGCCCGGGUU
hsa-mir-4469,GCUCCCUCUAGGGUCGCUCGGA
hsa-mir-4510,UGAGGGAGUAGGAUGUAUGGUU
hsa-mir-4489,UGGGGCUAGUGAUGCAGGACG
hsa-mir-3198,GUGGAGUCCUGGGGAAUGGAGA
hsa-mir-7515,AGAAGGGAAGAUGGUGAC
hsa-mir-4793-5p,ACAUCCUGCUCCACAGGGCAGAGG
hsa-mir-3916,AAGAGGAAGAAAUGGCUGGUUCUCAG
hsa-mir-4274,CAGCAGUCCCUCCCCCUG
hsa-mir-4784,UGAGGAGAUGCUGGGACUGA
hsa-mir-4795-5p,AGAAGUGGCUAAUAAUAUUGA
hsa-mir-623,AUCCCUUGCAGGGGCUGUUGGGU
hsa-mir-1909-5p,UGAGUGCCGGUGCCUGCCCUG
hsa-mir-3138,UGUGGACAGUGAGGUAGAGGGAGU
hsa-mir-5692b,AAUAAUAUCACAGUAGGUGU
hsa-mir-3610,GAAUCGGAAAGGAGGCGCCG
hsa-mir-1267,CCUGUUGAAGUGUAAUCCCCA
hsa-mir-1282,UCGUUUGCCUUUUUCUGCUU
hsa-mir-6069,GGGCUAGGGCCUGCUGCCCCC
hsa-mir-4258,CCCCGCCACCGCCUUGG
hsa-mir-4298,CUGGGACAGGAGGAGGAGGCAG
hsa-mir-7107-5p,UCGGCCUGGGGAGGAGGAAGGG
hsa-mir-7847-3p,CGUGGAGGACGAGGAGGAGGC
hsa-mir-3120-5p,CCUGUCUGUGCCUGCUGUACA
hsa-mir-3677-5p,CAGUGGCCAGAGCCCUGCAGUG
hsa-mir-3682-5p,CUACUUCUACCUGUGUUAUCAU
hsa-mir-3689d,GGGAGGUGUGAUCUCACACUCG
hsa-mir-4518,GCUCAGGGAUGAUAACUGUGCUGAGA
hsa-mir-5189-5p,UCUGGGCACAGGCGGAUGGACAGG
hsa-mir-1276,UAAAGAGCCCUGUGGAGACA
hsa-mir-3142,AAGGCCUUUCUGAACCUUCAGA
hsa-mir-3182,GCUUCUGUAGUGUAGUC
hsa-mir-4301,UCCCACUACUUCACUUGUGA
hsa-mir-1184,CCUGCAGCGACUUGAUGGCUUCC
hsa-mir-670-5p,GUCCCUGAGUGUAUGUGGUG
hsa-mir-548l,AAAAGUAUUUGCGGGUUUUGUC
hsa-mir-1468-5p,CUCCGUUUGCCUGUUUCGCUG
hsa-mir-3913-5p,UUUGGGACUGAUCUUGAUGUCU
hsa-mir-3170,CUGGGGUUCUGAGACAGACAGU
hsa-mir-1252-5p,AGAAGGAAAUUGAAUUCAUUUA
hsa-mir-7706,UGAAGCGCCUGUGCUCUGCCGAGA
hsa-mir-3157-5p,UUCAGCCAGGCUAGUGCAGUCU
hsa-mir-5091,ACGGAGACGACAAGACUGUGCUG
hsa-mir-6508-5p,UCUAGAAAUGCAUGACCCACC
hsa-mir-7161-5p,UAAAGACUGUAGAGGCAACUGGU
hsa-mir-4511,GAAGAACUGUUGCAUUUGCCCU
hsa-mir-6124,GGGAAAAGGAAGGGGGAGGA
hsa-mir-4507,CUGGGUUGGGCUGGGCUGGG
hsa-mir-4656,UGGGCUGAGGGCAGGAGGCCUGU
hsa-mir-6782-5p,UAGGGGUGGGGGAAUUCAGGGGUGU
hsa-mir-3714,GAAGGCAGCAGUGCUCCCCUGU
hsa-mir-6867-5p,UGUGUGUGUAGAGGAAGAAGGGA
hsa-mir-412-5p,UGGUCGACCAGUUGGAAAGUAAU
hsa-mir-3163,UAUAAAAUGAGGGCAGUAAGAC
hsa-mir-4281,GGGUCCCGGGGAGGGGGG
hsa-mir-649,AAACCUGUGUUGUUCAAGAGUC
hsa-mir-374c-5p,AUAAUACAACCUGCUAAGUGCU
hsa-mir-920,GGGGAGCUGUGGAAGCAGUA
hsa-mir-3146,CAUGCUAGGAUAGAAAGAAUGG
hsa-mir-4746-5p,CCGGUCCCAGGAGAACCUGCAGA
hsa-mir-485-3p,GUCAUACACGGCUCUCCUCUCU
hsa-mir-133a-3p,UUUGGUCCCCUUCAACCAGCUG
hsa-mir-519c-3p,AAAGUGCAUCUUUUUAGAGGAU
hsa-mir-330-3p,GCAAAGCACACGGCCUGCAGAGA
hsa-mir-203a-3p,GUGAAAUGUUUAGGACCACUAG
hsa-mir-30a-3p,CUUUCAGUCGGAUGUUUGCAGC
hsa-mir-199a-3p,ACAGUAGUCUGCACAUUGGUUA
hsa-mir-34b-3p,CAAUCACUAACUCCACUGCCAU
hsa-mir-17-3p,ACUGCAGUGAAGGCACUUGUAG
hsa-mir-483-3p,UCACUCCUCUCCUCCCGUCUU
hsa-mir-127-3p,UCGGAUCCGUCUGAGCUUGGCU
hsa-mir-149-3p,AGGGAGGGACGGGGGCUGUGC
hsa-mir-519a-3p,AAAGUGCAUCCUUUUAGAGUGU
hsa-mir-331-3p,GCCCCUGGGCCUAUCCUAGAA
hsa-mir-34a-3p,CAAUCAGCAAGUAUACUGCCCU
hsa-mir-624-3p,CACAAGGUAUUGGUAUUACCU
hsa-mir-409-3p,GAAUGUUGCUCGGUGAACCCCU
hsa-mir-9-3p,AUAAAGCUAGAUAACCGAAAGU
hsa-mir-150-3p,CUGGUACAGGCCUGGGGGACAG
hsa-mir-34c-3p,AAUCACUAACCACACGGCCAGG
hsa-mir-574-3p,CACGCUCAUGCACACACCCACA
hsa-mir-655-3p,AUAAUACAUGGUUAACCUCUUU
hsa-mir-155-3p,CUCCUACAUAUUAGCAUUAACA
hsa-mir-455-3p,GCAGUCCAUGGGCAUAUACAC
hsa-mir-487b-3p,AAUCGUACAGGGUCAUCCACUU
hsa-mir-541-3p,UGGUGGGCACAGAAUCUGGACU
hsa-mir-489-3p,GUGACAUCACAUAUACGGCAGC
hsa-mir-21-3p,CAACACCAGUCGAUGGGCUGU
hsa-mir-1-5p,ACAUACUUCUUUAUAUGCCCAU
hsa-mir-140-3p,UACCACAGGGUAGAACCACGG
hsa-mir-195-3p,CCAAUAUUGGCUGUGCUGCUCC
hsa-mir-486-3p,CGGGGCAGCUCAGUACAGGAU
